{"$schema": "https://opendataschema.frama.io/catalog/schema-catalog.json", "version": 1, "schemas": [{"name": "etalab/schema-irve", "title": "Schéma IRVE", "description": "Spécification du fichier d'échange relatif aux données concernant la localisation géographique et les caractéristiques techniques des stations et des points de recharge pour véhicules électriques", "schema_url": "https://schema.data.gouv.fr/schemas/etalab/schema-irve/latest/schema.json"}, {"name": "etalab/schema-decp-dpa", "title": "Spécification du fichier de déclaration de profil d'acheteur", "description": "Spécification du fichier de déclaration de profil d'acheteur", "schema_url": "https://schema.data.gouv.fr/schemas/etalab/schema-decp-dpa/latest/schema.json"}, {"name": "etalab/schema-lieux-covoiturage", "title": "Lieux de covoiturage", "description": "Spécification des lieux permettant le covoiturage", "schema_url": "https://schema.data.gouv.fr/schemas/etalab/schema-lieux-covoiturage/latest/schema.json"}, {"name": "etalab/schema-stationnement", "title": "Lieux de stationnement", "description": "Spécification des lieux permettant le stationnement en parc", "schema_url": "https://schema.data.gouv.fr/schemas/etalab/schema-stationnement/latest/schema.json"}, {"name": "NaturalSolutions/schema-arbre", "title": "Schéma des attributs des arbres urbains", "description": "Spécification des attributs liés aux arbres urbains dans le cadre d'un inventaire du patrimoine arboré par les collectivités.", "schema_url": "https://schema.data.gouv.fr/schemas/NaturalSolutions/schema-arbre/latest/schema.json"}]}