{"$schema": "https://opendataschema.frama.io/catalog/schema-catalog.json", "version": 1, "schemas": [{"name": "etalab/schema-irve", "title": "Infrastructures de recharge pour véhicules électriques", "description": "Spécification du fichier d'échange relatif aux données concernant la localisation géographique et les caractéristiques techniques des stations et des points de recharge pour véhicules électriques", "schema_url": "https://schema.data.gouv.fr/schemas/etalab/schema-irve/latest/schema.json", "schema_type": "tableschema"}, {"name": "139bercy/format-commande-publique", "title": "Données essentielles des marchés publics français", "description": "Données des attributions de marchés publics et de contrats de concessions supérieures à 40 000 euros.", "schema_url": "https://schema.data.gouv.fr/schemas/139bercy/format-commande-publique/1.3.0/contrats-concessions.json", "schema_type": "jsonschema"}, {"name": "etalab/schema-decp-dpa", "title": "Spécification du fichier de déclaration de profil d'acheteur", "description": "Spécification du fichier de déclaration de profil d'acheteur", "schema_url": "https://schema.data.gouv.fr/schemas/etalab/schema-decp-dpa/latest/schema.json", "schema_type": "tableschema"}, {"name": "scdl/catalogue", "title": "Catalogue simplifié", "description": "Spécification du modèle de données relatif au catalogue des jeux de données publiés en open data par une collectivité", "schema_url": "https://schema.data.gouv.fr/schemas/scdl/catalogue/latest/schema.json", "schema_type": "tableschema"}, {"name": "scdl/deliberations", "title": "Délibérations", "description": "Spécification du modèle de données relatif aux délibérations adoptées par une collectivité locale", "schema_url": "https://schema.data.gouv.fr/schemas/scdl/deliberations/latest/schema.json", "schema_type": "tableschema"}, {"name": "scdl/equipements", "title": "Équipements", "description": "Spécification du modèle de données relatif aux équipements collectifs publics d'une collectivité", "schema_url": "https://schema.data.gouv.fr/schemas/scdl/equipements/latest/schema.json", "schema_type": "tableschema"}, {"name": "scdl/subventions", "title": "Subventions", "description": "Spécification du modèle de données relatif aux subventions attribuées par une collectivité", "schema_url": "https://schema.data.gouv.fr/schemas/scdl/subventions/latest/schema.json", "schema_type": "tableschema"}, {"name": "etalab/schema-lieux-covoiturage", "title": "Lieux de covoiturage", "description": "Spécification des lieux permettant le covoiturage", "schema_url": "https://schema.data.gouv.fr/schemas/etalab/schema-lieux-covoiturage/latest/schema.json", "schema_type": "tableschema"}, {"name": "metis-reseaux/infos-travaux", "title": "Informations travaux", "description": "Schéma permettant de décrire des projets de travaux d'infrastructure.", "schema_url": "https://schema.data.gouv.fr/schemas/metis-reseaux/infos-travaux/0.0.2/informations_travaux.json", "schema_type": "jsonschema"}, {"name": "etalab/schema-stationnement", "title": "Lieux de stationnement", "description": "Spécification des lieux permettant le stationnement en parc", "schema_url": "https://schema.data.gouv.fr/schemas/etalab/schema-stationnement/latest/schema.json", "schema_type": "tableschema"}, {"name": "scdl/budget", "title": "Budget des collectivités et établissements publics locaux", "description": "Les données essentielles du budget permettent de décrire le contenu des étapes budgétaires des collectivités locales et des établissements publics. Il permet de préciser les catégories de montants financiers ainsi que le découpage de ces sommes en fonction du type de présentation utilisé (par nature ou par fonction). Ce schéma décrit le détail de chaque champ et le cas échéant les règles de validité associées.", "schema_url": "https://schema.data.gouv.fr/schemas/scdl/budget/latest/schema.json", "schema_type": "tableschema"}, {"name": "arsante/schema-dae", "title": "DAE", "description": "Spécification du modèle de données relatif aux DAE", "schema_url": "https://schema.data.gouv.fr/schemas/arsante/schema-dae/latest/schema.json", "schema_type": "tableschema"}, {"name": "NaturalSolutions/schema-arbre", "title": "Schéma des attributs des arbres urbains", "description": "Spécification des attributs liés aux arbres urbains dans le cadre d'un inventaire du patrimoine arboré par les collectivités.", "schema_url": "https://schema.data.gouv.fr/schemas/NaturalSolutions/schema-arbre/latest/schema.json", "schema_type": "tableschema"}, {"name": "etalab/schema-amenagements-cyclables", "title": "Schéma d'aménagements cyclables", "description": "Spécification du schéma de données d'aménagements cyclables", "schema_url": "https://schema.data.gouv.fr/schemas/etalab/schema-amenagements-cyclables/0.3.0/schema_amenagements_cyclables.json", "schema_type": "jsonschema"}, {"name": "etalab/schema-inclusion-numerique", "title": "Lieux d’inclusion numérique", "description": "Spécification des lieux d'inclusion numérique", "schema_url": "https://schema.data.gouv.fr/schemas/etalab/schema-inclusion-numerique/latest/schema.json", "schema_type": "tableschema"}, {"name": "etalab/schema-bal", "title": "Base Adresse Locale (BAL)", "description": "Fichier contenant toutes les adresses d'un territoire donné", "schema_url": "https://schema.data.gouv.fr/schemas/etalab/schema-bal/1.1.0/schema.yml", "schema_type": "other"}, {"name": "etalab/schema-hautes-remunerations", "title": "Hautes rémunérations dans la fonction publique", "description": "Spécification du fichier de déclaration des dix rémunérations les plus élevées des agents publiques", "schema_url": "https://schema.data.gouv.fr/schemas/etalab/schema-hautes-remunerations/latest/schema.json", "schema_type": "tableschema"}]}