{"$schema": "https://opendataschema.frama.io/catalog/schema-catalog.json", "version": 1, "schemas": [{"name": "etalab/schema-irve", "title": "Schéma IRVE", "description": "Spécification du fichier d'échange relatif aux données concernant la localisation géographique et les caractéristiques techniques des stations et des points de recharge pour véhicules électriques", "schema_url": "https://schema.data.gouv.fr/schemas/etalab/schema-irve/latest/schema.json"}, {"name": "etalab/schema-decp-dpa", "title": "Spécification du fichier de déclaration de profil d'acheteur", "description": "Spécification du fichier de déclaration de profil d'acheteur", "schema_url": "https://schema.data.gouv.fr/schemas/etalab/schema-decp-dpa/latest/schema.json"}, {"name": "scdl/catalogue", "title": "Catalogue simplifié", "description": "Spécification du modèle de données relatif au catalogue des jeux de données publiés en open data par une collectivité", "schema_url": "https://schema.data.gouv.fr/schemas/scdl/catalogue/latest/schema.json"}, {"name": "scdl/deliberations", "title": "Schéma SCDL Délibérations", "description": "Schéma validant le format relatif aux délibérations du SCDL (Socle Commun des Données Locales).", "schema_url": "https://schema.data.gouv.fr/schemas/scdl/deliberations/latest/schema.json"}, {"name": "scdl/equipements", "title": "Equipements", "description": "Spécification du modèle de données relatif aux équipements collectifs publics d'une collectivité.", "schema_url": "https://schema.data.gouv.fr/schemas/scdl/equipements/latest/schema.json"}, {"name": "scdl/subventions", "title": "Schéma SCDL Subventions", "description": "Schéma validant le format relatif aux subventions du SCDL (Socle Commun des Données Locales).", "schema_url": "https://schema.data.gouv.fr/schemas/scdl/subventions/latest/schema.json"}, {"name": "etalab/schema-lieux-covoiturage", "title": "Lieux de covoiturage", "description": "Spécification des lieux permettant le covoiturage", "schema_url": "https://schema.data.gouv.fr/schemas/etalab/schema-lieux-covoiturage/latest/schema.json"}, {"name": "etalab/schema-stationnement", "title": "Lieux de stationnement", "description": "Spécification des lieux permettant le stationnement en parc", "schema_url": "https://schema.data.gouv.fr/schemas/etalab/schema-stationnement/latest/schema.json"}, {"name": "scdl/budget", "title": "Budget des collectivités et établissements publics locaux", "description": "Les données essentielles du budget permettent de décrire le contenu des étapes budgétaires des collectivités locales et des établissements publics. Il permet de préciser les catégories de montants financiers ainsi que le découpage de ces sommes en fonction du type de présentation utilisé (par nature ou par fonction). Ce schéma décrit le détail de chaque champ et le cas échéant les règles de validité associées.", "schema_url": "https://schema.data.gouv.fr/schemas/scdl/budget/latest/schema.json"}, {"name": "arsante/schema-dae", "title": "DAE", "description": "Spécification du modèle de données relatif aux DAE", "schema_url": "https://schema.data.gouv.fr/schemas/arsante/schema-dae/latest/schema.json"}, {"name": "NaturalSolutions/schema-arbre", "title": "Schéma des attributs des arbres urbains", "description": "Spécification des attributs liés aux arbres urbains dans le cadre d'un inventaire du patrimoine arboré par les collectivités.", "schema_url": "https://schema.data.gouv.fr/schemas/NaturalSolutions/schema-arbre/latest/schema.json"}]}