{"$schema": "https://opendataschema.frama.io/catalog/schema-catalog.json", "version": 1, "schemas": [{"name": "etalab/schema-irve", "title": "Infrastructures de recharge pour véhicules électriques", "description": "Spécification du fichier d'échange relatif aux données concernant la localisation géographique et les caractéristiques techniques des stations et des points de recharge pour véhicules électriques", "schema_url": "https://schema.data.gouv.fr/schemas/etalab/schema-irve/latest/schema.json", "versions": [{"version_name": "1.0.0", "schema_url": "https://schema.data.gouv.fr/schemas/etalab/schema-irve/1.0.0/schema.json"}, {"version_name": "1.0.1", "schema_url": "https://schema.data.gouv.fr/schemas/etalab/schema-irve/1.0.1/schema.json"}, {"version_name": "1.0.2", "schema_url": "https://schema.data.gouv.fr/schemas/etalab/schema-irve/1.0.2/schema.json"}, {"version_name": "1.0.3", "schema_url": "https://schema.data.gouv.fr/schemas/etalab/schema-irve/1.0.3/schema.json"}, {"version_name": "2.0.0", "schema_url": "https://schema.data.gouv.fr/schemas/etalab/schema-irve/2.0.0/schema.json"}]}, {"name": "etalab/schema-decp-dpa", "title": "Spécification du fichier de déclaration de profil d'acheteur", "description": "Spécification du fichier de déclaration de profil d'acheteur", "schema_url": "https://schema.data.gouv.fr/schemas/etalab/schema-decp-dpa/latest/schema.json", "versions": [{"version_name": "1.0.0", "schema_url": "https://schema.data.gouv.fr/schemas/etalab/schema-decp-dpa/1.0.0/schema.json"}]}, {"name": "scdl/catalogue", "title": "Catalogue simplifié", "description": "Spécification du modèle de données relatif au catalogue des jeux de données publiés en open data par une collectivité", "schema_url": "https://schema.data.gouv.fr/schemas/scdl/catalogue/latest/schema.json", "versions": [{"version_name": "0.1.1", "schema_url": "https://schema.data.gouv.fr/schemas/scdl/catalogue/0.1.1/schema.json"}, {"version_name": "0.1.2", "schema_url": "https://schema.data.gouv.fr/schemas/scdl/catalogue/0.1.2/schema.json"}]}, {"name": "scdl/deliberations", "title": "Délibérations", "description": "Spécification du modèle de données relatif aux délibérations adoptées par une collectivité locale", "schema_url": "https://schema.data.gouv.fr/schemas/scdl/deliberations/latest/schema.json", "versions": [{"version_name": "1.1.0", "schema_url": "https://schema.data.gouv.fr/schemas/scdl/deliberations/1.1.0/schema.json"}, {"version_name": "2.0.0", "schema_url": "https://schema.data.gouv.fr/schemas/scdl/deliberations/2.0.0/schema.json"}, {"version_name": "2.1.0", "schema_url": "https://schema.data.gouv.fr/schemas/scdl/deliberations/2.1.0/schema.json"}, {"version_name": "2.1.1", "schema_url": "https://schema.data.gouv.fr/schemas/scdl/deliberations/2.1.1/schema.json"}, {"version_name": "2.1.2", "schema_url": "https://schema.data.gouv.fr/schemas/scdl/deliberations/2.1.2/schema.json"}, {"version_name": "2.1.3", "schema_url": "https://schema.data.gouv.fr/schemas/scdl/deliberations/2.1.3/schema.json"}]}, {"name": "scdl/equipements", "title": "Équipements", "description": "Spécification du modèle de données relatif aux équipements collectifs publics d'une collectivité", "schema_url": "https://schema.data.gouv.fr/schemas/scdl/equipements/latest/schema.json", "versions": [{"version_name": "0.1.0", "schema_url": "https://schema.data.gouv.fr/schemas/scdl/equipements/0.1.0/schema.json"}, {"version_name": "0.1.1", "schema_url": "https://schema.data.gouv.fr/schemas/scdl/equipements/0.1.1/schema.json"}]}, {"name": "scdl/subventions", "title": "Subventions", "description": "Spécification du modèle de données relatif aux subventions attribuées par une collectivité", "schema_url": "https://schema.data.gouv.fr/schemas/scdl/subventions/latest/schema.json", "versions": [{"version_name": "1.1.0", "schema_url": "https://schema.data.gouv.fr/schemas/scdl/subventions/1.1.0/schema.json"}, {"version_name": "2.0.0", "schema_url": "https://schema.data.gouv.fr/schemas/scdl/subventions/2.0.0/schema.json"}, {"version_name": "2.0.1", "schema_url": "https://schema.data.gouv.fr/schemas/scdl/subventions/2.0.1/schema.json"}]}, {"name": "etalab/schema-lieux-covoiturage", "title": "Lieux de covoiturage", "description": "Spécification des lieux permettant le covoiturage", "schema_url": "https://schema.data.gouv.fr/schemas/etalab/schema-lieux-covoiturage/latest/schema.json", "versions": [{"version_name": "0.0.1", "schema_url": "https://schema.data.gouv.fr/schemas/etalab/schema-lieux-covoiturage/0.0.1/schema.json"}, {"version_name": "0.1.0", "schema_url": "https://schema.data.gouv.fr/schemas/etalab/schema-lieux-covoiturage/0.1.0/schema.json"}, {"version_name": "0.1.1", "schema_url": "https://schema.data.gouv.fr/schemas/etalab/schema-lieux-covoiturage/0.1.1/schema.json"}, {"version_name": "0.1.2", "schema_url": "https://schema.data.gouv.fr/schemas/etalab/schema-lieux-covoiturage/0.1.2/schema.json"}, {"version_name": "0.2.0", "schema_url": "https://schema.data.gouv.fr/schemas/etalab/schema-lieux-covoiturage/0.2.0/schema.json"}]}, {"name": "etalab/schema-stationnement", "title": "Lieux de stationnement", "description": "Spécification des lieux permettant le stationnement en parc", "schema_url": "https://schema.data.gouv.fr/schemas/etalab/schema-stationnement/latest/schema.json", "versions": [{"version_name": "0.1.0", "schema_url": "https://schema.data.gouv.fr/schemas/etalab/schema-stationnement/0.1.0/schema.json"}, {"version_name": "0.1.1", "schema_url": "https://schema.data.gouv.fr/schemas/etalab/schema-stationnement/0.1.1/schema.json"}, {"version_name": "0.1.2", "schema_url": "https://schema.data.gouv.fr/schemas/etalab/schema-stationnement/0.1.2/schema.json"}, {"version_name": "0.1.3", "schema_url": "https://schema.data.gouv.fr/schemas/etalab/schema-stationnement/0.1.3/schema.json"}, {"version_name": "0.1.4", "schema_url": "https://schema.data.gouv.fr/schemas/etalab/schema-stationnement/0.1.4/schema.json"}]}, {"name": "scdl/budget", "title": "Budget des collectivités et établissements publics locaux", "description": "Les données essentielles du budget permettent de décrire le contenu des étapes budgétaires des collectivités locales et des établissements publics. Il permet de préciser les catégories de montants financiers ainsi que le découpage de ces sommes en fonction du type de présentation utilisé (par nature ou par fonction). Ce schéma décrit le détail de chaque champ et le cas échéant les règles de validité associées.", "schema_url": "https://schema.data.gouv.fr/schemas/scdl/budget/latest/schema.json", "versions": [{"version_name": "0.8.1", "schema_url": "https://schema.data.gouv.fr/schemas/scdl/budget/0.8.1/schema.json"}]}, {"name": "arsante/schema-dae", "title": "DAE", "description": "Spécification du modèle de données relatif aux DAE", "schema_url": "https://schema.data.gouv.fr/schemas/arsante/schema-dae/latest/schema.json", "versions": [{"version_name": "1.0.1", "schema_url": "https://schema.data.gouv.fr/schemas/arsante/schema-dae/1.0.1/schema.json"}, {"version_name": "1.0.2", "schema_url": "https://schema.data.gouv.fr/schemas/arsante/schema-dae/1.0.2/schema.json"}]}, {"name": "NaturalSolutions/schema-arbre", "title": "Schéma des attributs des arbres urbains", "description": "Spécification des attributs liés aux arbres urbains dans le cadre d'un inventaire du patrimoine arboré par les collectivités.", "schema_url": "https://schema.data.gouv.fr/schemas/NaturalSolutions/schema-arbre/latest/schema.json", "versions": [{"version_name": "0.1.0", "schema_url": "https://schema.data.gouv.fr/schemas/NaturalSolutions/schema-arbre/0.1.0/schema.json"}, {"version_name": "0.2.0", "schema_url": "https://schema.data.gouv.fr/schemas/NaturalSolutions/schema-arbre/0.2.0/schema.json"}]}, {"name": "etalab/schema-stationnement-cyclable", "title": "Stationnement cyclable", "description": "Spécification du fichier décrivant les emplacements de stationnement cycable.", "schema_url": "https://schema.data.gouv.fr/schemas/etalab/schema-stationnement-cyclable/latest/schema.json", "versions": [{"version_name": "0.1.0", "schema_url": "https://schema.data.gouv.fr/schemas/etalab/schema-stationnement-cyclable/0.1.0/schema.json"}]}, {"name": "etalab/schema-inclusion-numerique", "title": "Lieux d’inclusion numérique", "description": "Spécification des lieux d'inclusion numérique", "schema_url": "https://schema.data.gouv.fr/schemas/etalab/schema-inclusion-numerique/latest/schema.json", "versions": [{"version_name": "0.1.1", "schema_url": "https://schema.data.gouv.fr/schemas/etalab/schema-inclusion-numerique/0.1.1/schema.json"}]}, {"name": "etalab/schema-hautes-remunerations", "title": "Hautes rémunérations dans la fonction publique", "description": "Spécification du fichier de déclaration des dix rémunérations les plus élevées des agents publiques", "schema_url": "https://schema.data.gouv.fr/schemas/etalab/schema-hautes-remunerations/latest/schema.json", "versions": [{"version_name": "0.1.0", "schema_url": "https://schema.data.gouv.fr/schemas/etalab/schema-hautes-remunerations/0.1.0/schema.json"}]}, {"name": "scdl/menus-collectifs", "title": "Menus de la restauration collective", "description": "Schéma permettant de décrire les menus des repas proposés par les collectivités locales, les établissements publics et privés. Il permet de préciser les modalités de distribution et le contenu des menus proposés (les plats). Le choix a été fait de détailler chaque plat sur une ligne. Pour décrire un menu il faut donc répéter certaines informations plusieurs fois (voir exemple).", "schema_url": "https://schema.data.gouv.fr/schemas/scdl/menus-collectifs/latest/schema.json", "versions": [{"version_name": "0.1.0", "schema_url": "https://schema.data.gouv.fr/schemas/scdl/menus-collectifs/0.1.0/schema.json"}, {"version_name": "0.2.0", "schema_url": "https://schema.data.gouv.fr/schemas/scdl/menus-collectifs/0.2.0/schema.json"}, {"version_name": "0.4.0", "schema_url": "https://schema.data.gouv.fr/schemas/scdl/menus-collectifs/0.4.0/schema.json"}, {"version_name": "0.5.0", "schema_url": "https://schema.data.gouv.fr/schemas/scdl/menus-collectifs/0.5.0/schema.json"}, {"version_name": "0.6.0", "schema_url": "https://schema.data.gouv.fr/schemas/scdl/menus-collectifs/0.6.0/schema.json"}, {"version_name": "0.7.0", "schema_url": "https://schema.data.gouv.fr/schemas/scdl/menus-collectifs/0.7.0/schema.json"}, {"version_name": "0.9.0", "schema_url": "https://schema.data.gouv.fr/schemas/scdl/menus-collectifs/0.9.0/schema.json"}, {"version_name": "1.2.0", "schema_url": "https://schema.data.gouv.fr/schemas/scdl/menus-collectifs/1.2.0/schema.json"}, {"version_name": "1.2.1", "schema_url": "https://schema.data.gouv.fr/schemas/scdl/menus-collectifs/1.2.1/schema.json"}]}]}