{
    "title": "Spécification du fichier de déclaration de profil d'acheteur",
    "description": "Spécification du fichier de déclaration de profil d'acheteur",
    "author": "Alexandre Bulté pour Etalab",
    "contact": "validation@data.gouv.fr",
    "contributor": "",
    "version": "1.0.0",
    "created": "2019-02-18",
    "updated": "2019-04-09",
    "homepage": "https://github.com/etalab/schema-decp-dpa",
    "example": "https://github.com/etalab/schema-decp-dpa/blob/master/exemple-valide.csv",
    "fields": [
        {
            "name": "siretAcheteur",
            "description": "Le numéro SIRET de l'acheteur",
            "example": "79248336400024",
            "type": "string",
            "constraints": {
                "pattern": "^\\d{14}$",
                "required": true,
                "unique": true
            }
        },
        {
            "name": "urlProfilAcheteur",
            "description": "L'adresse URL du profil d'acheteur",
            "example": "http://monacheteur.com/profil",
            "type": "string",
            "format": "uri",
            "constraints": {
                "required": true
            }
        },
        {
            "name": "urlDCAT",
            "description": "L’adresse URL du catalogue DCAT qui répertorie les données",
            "example": "http://dcat.monacheteur.com/catalog.ttl",
            "type": "string",
            "format": "uri",
            "constraints": {
                "required": false
            }
        },
        {
            "name": "coordonnees",
            "description": "Les coordonnées de l'acheteur concerné",
            "example": "Service Achat, DINSIC, 20 avenue de Ségur, 75007 Paris",
            "type": "string",
            "constraints": {
                "required": true
            }
        }
    ],
    "missingValues": [
        ""
    ],
    "custom_checks": [
        {
            "name": "french-siret-value",
            "params": {
                "column": "siretAcheteur"
            }
        }
    ]
}
