{
  "$schema": "https://frictionlessdata.io/schemas/table-schema.json",
  "name": "lieux-inclusion-numerique",
  "title": "Lieux d’inclusion numérique",
  "description": "",
  "keywords": [],
  "countryCode": "FR",
  "homepage": "",
  "path": "",
  "image": "",
  "licences": [],
  "ressources": [],
  "sources": [],
  "created": "2020-09-06",
  "lastModified": "2020-09-06",
  "version": "0.1.0",
  "contributors": [],
  "fields": [
    {
      "name": "nom",
      "description": "Le nom du lieu",
      "exemple": "Médiathèque d'Oullins",
      "type": "string",
      "constraints": {
        "required": true
      }
    },
    {
      "name": "structure_porteuse",
      "description": "Le nom de la structure porteuse du lieu",
      "exemple": "Mairie de Bron",
      "type": "string",
      "constraints": {
        "required": false
      }
    },
    {
      "name": "description",
      "description": "Une description du lieu",
      "exemple": "Un lieu permettant l'inclusion numérique des plus fragiles et faire des nouvelles technologies un levier d'insertion sociale.",
      "type": "string",
      "constraints": {
        "required": false
      }
    },
    {
      "name": "type_lieu",
      "description": "La typologie du lieu",
      "exemple": "Bibliothèque / Médiathèque",
      "type": "string",
      "constraints": {
        "required": false,
        "enum": [
          "Administration / Collectivité territoriale",
          "Association",
          "Bibliothèque / Médiathèque",
          "Commune (Ville, CCAS, Centre Culturel...)",
          "Centre social",
          "Département (UTPAS, MDS, MDSI, UTAS...)",
          "Espace Public Numérique (EPN)",
          "Organisme de formations",
          "Intercommunalité (EPCI)",
          "La Poste",
          "Maison de quartier",
          "Maison de Service au Public (MSAP)",
          "Pôle Emploi",
          "Point Information Médiation Multi Services (PIMMS)",
          "Préfecture, Sous-Préfecture",
          "Organisme de sécurité sociale (CAF, CPAM, CARSAT, MSA...)",
          "Tiers-lieu / Coworking / FabLab / Hackerspace",
          "Autre / Inconnu"
        ]
      }
    },
    {
      "name": "statut",
      "description": "Le statut du lieu",
      "exemple": "Public",
      "type": "string",
      "constraints": {
        "required": false,
        "enum": [
          "Public",
          "Privé",
          "Public-privé",
          "Autre / Inconnu"
        ]
      }
    },
    {
      "name": "nature_juridique",
      "description": "La nature juridique du lieu",
      "exemple": "Association",
      "type": "string",
      "constraints": {
        "required": false,
        "enum": [
          "Association",
          "Collectivité locale ou territoriale",
          "Coopérative d'Activités et d'Entrepreneur·es (CAE)",
          "Établissement public de coopération intercommunale (EPCI)",
          "Établissement public à caractère industriel et commercial (EPIC)",
          "Établissement public à caractère scientifique, culturel et professionnel (EPSCP)",
          "Groupement d'intérêt public (GIP)",
          "Société par actions simplifiée (SAS)",
          "Société à responsabilité limitée (SARL)",
          "Société par actions simplifiée unipersonnelle (SASU)",
          "Société coopérative d’intérêt collectif (SCIC)",
          "Société coopérative et participative (SCOP)",
          "Société publique locale (SPL)",
          "Autre / Inconnu"
        ]
      }
    },
    {
      "name": "siret",
      "description": "Identifiant INSEE de l'établissement ou de l'entreprise (SIRET)",
      "exemple": "36252187900034",
      "type": "string",
      "constraints": {
        "required": false,
        "pattern": "^\\d{14}$"
      }
    },
    {
      "name": "adresse_brut",
      "description": "L'adresse complète brut",
      "exemple": "10 Avenue Charles de Gaulle, 38000 GRENOBLE",
      "type": "string",
      "constraints": {
        "required": false
      }
    },
    {
      "name": "adresse_numero",
      "description": "Le numéro avec indice de répétition éventuel (bis, ter, A, B)",
      "exemple": "10",
      "type": "string",
      "constraints": {
        "required": false
      }
    },
    {
      "name": "adresse_rue",
      "description": "Le nom de la rue",
      "exemple": "Avenue Charles de Gaulle",
      "type": "string",
      "constraints": {
        "required": false
      }
    },
    {
      "name": "adresse_code_postal",
      "description": "Le code postal",
      "exemple": "38000",
      "type": "string",
      "constraints": {
        "required": false,
        "pattern": "^\\d{5}$"
      }
    },
    {
      "name": "adresse_code_insee",
      "description": "Le code INSEE de la commune",
      "exemple": "38185",
      "type": "string",
      "constraints": {
        "required": false,
        "pattern": "^[A-Z0-9]{5}$"
      }
    },
    {
      "name": "adresse_commune",
      "description": "Le nom de la commune",
      "exemple": "Grenoble",
      "type": "string",
      "constraints": {
        "required": false
      }
    },
    {
      "name": "adresse_departement",
      "description": "Le nom du département",
      "exemple": "Isère",
      "type": "string",
      "constraints": {
        "required": false
      }
    },
    {
      "name": "adresse_region",
      "description": "Le nom de la région",
      "exemple": "Auvergne-Rhône-Alpes",
      "type": "string",
      "constraints": {
        "required": false
      }
    },
    {
      "name": "latitude",
      "description": "La latitude (coordonnée géographique) en degrés décimaux (point comme séparateur décimal, avec au moins 4 chiffres après le point décimal) de la localisation du lieu exprimée dans le système de coordonnées WGS84.",
      "exemple": "45.1885",
      "type": "number",
      "constraints": {
        "required": false,
        "minimum": -90,
        "maximum": 90
      }
    },
    {
      "name": "longitude",
      "description": "La longitude (coordonnée géographique) en degrés décimaux (point comme séparateur décimal, avec au moins 4 chiffres après le point décimal) de la localisation du lieu exprimée dans le système de coordonnées WGS84.",
      "exemple": "5.7245",
      "type": "number",
      "constraints": {
        "required": false,
        "minimum": -180,
        "maximum": 180
      }
    },
    {
      "name": "itinerant",
      "description": "Le lieu est-il itinérant ? Si oui, spécifier les détails ou mettre juste 'Oui'. Si le lieu n'est pas itinérant, laisser vide.",
      "exemple": "",
      "type": "string",
      "constraints": {
        "required": false
      }
    },
    {
      "name": "en_ligne",
      "description": "Le lieu est-il uniquement en ligne ?",
      "exemple": "Non",
      "type": "boolean",
      "trueValues": [
        "Oui"
      ],
      "falseValues": [
        "Non"
      ],
      "example": "Non",
      "constraints": {
        "required": true
      }
    },
    {
      "name": "contact_telephone",
      "description": "Le numéro de téléphone du lieu",
      "exemple": "0123456789",
      "type": "string",
      "constraints": {
        "required": false,
        "pattern": "^\\d{10}$"
      }
    },
    {
      "name": "contact_telephone_details",
      "description": "Le details du numéro de téléphone (horaires, prix, ...)",
      "exemple": "De 9h à 18h, tous les jours sauf le Dimanche.",
      "type": "string",
      "constraints": {
        "required": false
      }
    },
    {
      "name": "contact_email",
      "description": "Le courriel du lieu",
      "exemple": "exemple@email.fr",
      "type": "string",
      "format": "email",
      "constraints": {
        "required": false
      }
    },
    {
      "name": "contact_web",
      "description": "L'adresse du site internet du lieu",
      "exemple": "https://www.example.fr",
      "type": "string",
      "format": "uri",
      "constraints": {
        "required": false
      }
    },
    {
      "name": "contact_facebook",
      "description": "L'adresse de la page Facebook du lieu",
      "exemple": "https://www.facebook.com/exemple/",
      "type": "string",
      "format": "uri",
      "constraints": {
        "required": false
      }
    },
    {
      "name": "horaires_ouverture_brut",
      "description": "Les jours et horaires d'ouverture du lieu brut",
      "exemple": "De 9h30 à 17h30, du Mardi au Samedi",
      "type": "string",
      "constraints": {
        "required": false
      }
    },
    {
      "name": "horaires_ouverture_osm",
      "description": "Les jours et horaires d'ouverture du lieu respectant le [format utilisé pour la clé 'opening_hours'](https://wiki.openstreetmap.org/wiki/FR:Key:opening_hours) dans OpenStreetMap. Un outil comme [YoHours](http://projets.pavie.info/yohours/) facilite la transformation des jours et horaires d'ouverture dans ce format. Celui-ci pouvant contenir des virgules comme signes de séparation, il est nécessaire d'entourer les valeurs de la chaîne de caractères par des guillemets doubles.",
      "example": "Mo-Fr 08:30-12:00,13:30-17:30; Sa 08:30-12:00",
      "type": "string",
      "constraints": {
        "required": false
      }
    },
    {
      "name": "public_cible",
      "description": "Public(s) cible. Une ou plusieurs valeurs possibles, séparés par une virgule. Si le champs comporte plusieurs valeurs, il est nécessaire l'ensemble de la chaîne de caractères par des guillemets doubles.",
      "exemple": "Tout public",
      "type": "string",
      "constraints": {
        "required": false,
        "pattern": "(?:(?:^|,)(Tout public|Allocataires|Demandeurs d'emploi|Étrangers|Familles|Jeunes|Personnes en situation de handicap|Séniors))+$"
      }
    },
    {
      "name": "modalites_acces",
      "description": "Modalité(s) d'accès. Une ou plusieurs valeurs possibles, séparés par une virgule. Si le champs comporte plusieurs valeurs, il est nécessaire l'ensemble de la chaîne de caractères par des guillemets doubles.",
      "exemple": "Sur inscription ou rendez-vous,Adhérents",
      "type": "string",
      "constraints": {
        "required": false,
        "pattern": "(?:(?:^|,)(Accès libre|Sur inscription ou rendez-vous|Public cible|Adhérents))+$"
      }
    },
    {
      "name": "modalites_accompagnement",
      "description": "Modalité(s) d'accompagnement. Une ou plusieurs valeurs possibles, séparés par une virgule. Si le champs comporte plusieurs valeurs, il est nécessaire l'ensemble de la chaîne de caractères par des guillemets doubles.",
      "exemple": "Individuel,Collectif",
      "type": "string",
      "constraints": {
        "required": false,
        "pattern": "(?:(?:^|,)(Individuel|Collectif))+$"
      }
    },
    {
      "name": "tarifs",
      "description": "Tarifs. Une ou plusieurs valeurs possibles, séparés par une virgule. Si le champs comporte plusieurs valeurs, il est nécessaire l'ensemble de la chaîne de caractères par des guillemets doubles.",
      "exemple": "Gratuit",
      "type": "string",
      "constraints": {
        "required": false,
        "pattern": "(?:(?:^|,)(Gratuit|Adhérent|Payant))+$"
      }
    },
    {
      "name": "accessibilite",
      "description": "Accessibilité. Une ou plusieurs valeurs possibles, séparés par une virgule. Si le champs comporte plusieurs valeurs, il est nécessaire l'ensemble de la chaîne de caractères par des guillemets doubles.",
      "exemple": "Handicap visuel,Handicap auditif",
      "type": "string",
      "constraints": {
        "required": false,
        "pattern": "(?:(?:^|,)(Handicap moteur|Handicap visuel|Handicap auditif|Handicap intellectuel ou psychique))+$"
      }
    },
    {
      "name": "services",
      "description": "Service(s) proposé(s). Une ou plusieurs valeurs possibles, séparés par une virgule. Si le champs comporte plusieurs valeurs, il est nécessaire l'ensemble de la chaîne de caractères par des guillemets doubles.",
      "exemple": "Accompagnement aux démarches administratives en ligne,Acquisition de compétences numériques,Évaluation de compétences numériques",
      "type": "string",
      "constraints": {
        "required": false,
        "pattern": "(?:(?:^|,)(Accès à un équipement informatique|Accompagnement aux démarches administratives en ligne|Acquisition de compétences numériques|Évaluation de compétences numériques|Pratiquer des activités récréatives numériques|Vente de matériel informatique|Stockage numérique sécurisé))+$"
      }
    },
    {
      "name": "labels",
      "description": "Label(s). Une ou plusieurs valeurs possibles, séparés par une virgule. Si le champs comporte plusieurs valeurs, il est nécessaire l'ensemble de la chaîne de caractères par des guillemets doubles.",
      "exemple": "Aidants Connect,APTIC",
      "type": "string",
      "constraints": {
        "required": false,
        "pattern": "(?:(?:^|,)(France Services|APTIC|Aidants Connect|Fabriques de Territoire|Grande École du Numérique))+$"
      }
    }
  ]
}
