{
  "$schema": "https://frictionlessdata.io/schemas/table-schema.json",
  "title": "Catalogue simplifié",
  "author": "OpenDataFrance",
  "contributor": "Thomas Bekkers, Loïc Haÿ",
  "version": "0.1.1",
  "created": "2018-11-20",
  "updated": "2019-01-28",
  "description": "Spécification du modèle de données relatif au catalogue des jeux de données publiés en open data par une collectivité",
  "homepage": "https://git.opendatafrance.net/scdl/catalogue",
  "uri": "https://git.opendatafrance.net/scdl/catalogue/raw/v0.1.1/schema.json",
  "fields": [
    {
      "name": "COLL_NOM",
      "title": "Nom de la collectivité",
      "description": "Nom officiel de la collectivité qui publie le catalogue simplifié de jeux de données limité à 140 caractères maximum.",
      "type": "string",
      "example": "Rennes Métropole",
      "constraints": {
        "required": true
      }
    },
    {
      "name": "COLL_SIRET",
      "title": "Code SIRET de la collectivité",
      "description": "Identifiant du [Système d'Identification du Répertoire des Etablissements](https://fr.wikipedia.org/wiki/Syst%C3%A8me_d%27identification_du_r%C3%A9pertoire_des_%C3%A9tablissements) (SIRET) de la collectivité qui publie le catalogue simplifié de jeux de données, composé de 9 chiffres SIREN + 5 chiffres NIC d’un seul tenant.",
      "type": "string",
      "example": "24350013900189",
      "constraints": {
        "required": true,
        "pattern": "^\\d{14}$"
      }
    },
    {
      "name": "ID",
      "title": "Identifiant du jeu de donnée",
      "description": "Cet identifiant est une chaîne de caractères qui correspond soit au nom du jeu de données, exprimé en minuscules sans accent ni espace (identifiant texte ou 'slug'), soit à un code d'identification généré automatiquement (identifiant machine ou 'hash').",
      "type": "string",
      "example": "prenoms-des-nouveaux-nes-a-rennes-en-2017 ou 53699116a3a729239d203b7f",
      "constraints": {
        "required": true
      }
    },
    {
      "name": "TITRE",
      "title": "Titre du jeu de données",
      "description": "Ce titre doit être un intitulé caractéristique et univoque permettant de désigner le jeu de données. Il est recommandé d'y faire figurer une indication de la zone géographique couverte et, lorsqu'elle se justifie, une indication de version ou de millésime.",
      "type": "string",
      "example": "Prénoms des nouveaux-nés à Rennes en 2017",
      "constraints": {
        "required": true
      }
    },
    {
      "name": "DESCRIPTION",
      "title": "Description du jeu de données",
      "description": "Cette description doit fournir un bref résumé narratif du contenu du jeu de données, rédigé de façon compréhensible pour l’utilisateur.",
      "type": "string",
      "example": "Liste annuelle des prénoms des nouveaux-nés enregistrés à l'état-civil de la ville de Rennes pour l'année 2017.",
      "constraints": {
        "required": true
      }
    },
    {
      "name": "THEME",
      "title": "Thème du jeu de données",
      "description": "En l'absence d'une nomenclature de classement par thèmes satisfaisante et adaptée au contexte local, le thème est exprimé sous la forme d'une chaîne de caractères libre dans la limite de 140 caractères maximum. Le manque de pertinence du [thésaurus EuroVoc](https://publications.europa.eu/fr/web/eu-vocabularies/th-dataset/-/resource/dataset/eurovoc) ou des [thèmes INSPIRE](https://inspire.ec.europa.eu/Themes/Data%20Specifications/2892) implique d'élaborer collectivement une [nomenclature spécifique](https://docs.google.com/document/d/1oDJsHw3bmABfto6HPgCPG1ztrV3CihuHjcfU8tQpvPc/) à partir d'un appariement des termes les plus utilisés sur les plateformes territoriales de données ouvertes.",
      "type": "string",
      "example": "Administration locale",
      "constraints": {
        "required": true
      }
    },
    {
      "name": "PRODUCTEUR_NOM",
      "title": "Nom du producteur",
      "description": "Nom officiel ou raison sociale du producteur du jeu de données limité à 140 caractères maximum.",
      "type": "string",
      "example": "Ville de Rennes",
      "constraints": {
        "required": true
      }
    },
    {
      "name": "PRODUCTEUR_SIRET",
      "title": "Code SIRET du producteur",
      "description": "Identifiant du [Système d'Identification du Répertoire des Etablissements](https://fr.wikipedia.org/wiki/Syst%C3%A8me_d%27identification_du_r%C3%A9pertoire_des_%C3%A9tablissements) (SIRET) du producteur du jeu de données, composé de 9 chiffres SIREN + 5 chiffres NIC d’un seul tenant.",
      "type": "string",
      "example": "21350238800019",
      "constraints": {
        "required": true,
        "pattern": "^\\d{14}$"
      }
    },
    {
      "name": "COUV_SPAT_MAILLE",
      "title": "Maille de couverture spatiale",
      "description": "La maille de couverture spatiale correspond à l'echelle territoriale que couvre le jeu de données. Pour simplifier le renseignement de ce champ, elle est désignée en choisissant une valeur parmi une liste pré-établie de valeurs possibles : 'Infracommunale', 'Communale', 'Intercommunale', 'Cantonale', 'Départementale', 'Régionale' ou 'Autre'.",
      "type": "string",
      "example": "Communale",
      "constraints": {
        "required": true,
        "enum": [
          "Infracommunale",
          "Communale",
          "Intercommunale",
          "Cantonale",
          "Départementale",
          "Régionale",
          "Autre"
        ]
      }
    },
    {
      "name": "COUV_SPAT_NOM",
      "title": "Nom de couverture spatiale",
      "description": "Le nom de couverture spatiale correspond au nom de l'échelle territoriale que couvre le jeu de données. Il est exprimé sous la forme d'une chaîne de caractères limitée à 140 caractères maximum.",
      "type": "string",
      "example": "Rennes",
      "constraints": {
        "required": true
      }
    },
    {
      "name": "COUV_TEMP_DEBUT",
      "title": "Date de début de la couverture temporelle",
      "description": "La couverture temporelle correspond à la période que couvre le jeu de données. Cette période est un intervalle entre deux dates. La date de début est donc le premier terme utilisé pour désigner cet intervalle, exprimé au format AAAA-MM-JJ suivant la norme internationale [ISO 8601](https://fr.wikipedia.org/wiki/ISO_8601).",
      "type": "date",
      "example": "2017-01-01",
      "constraints": {
        "required": true
      }
    },
    {
      "name": "COUV_TEMP_FIN",
      "title": "Date de fin de la couverture temporelle",
      "description": "La couverture temporelle correspond à la période que couvre le jeu de données. Cette période est un intervalle entre deux dates. La date de fin est donc le second terme utilisé pour désigner cet intervalle, exprimé au format AAAA-MM-JJ suivant la norme internationale [ISO 8601](https://fr.wikipedia.org/wiki/ISO_8601).",
      "type": "date",
      "example": "2017-12-31",
      "constraints": {
        "required": true
      }
    },
    {
      "name": "DATE_PUBL",
      "title": "Date de la première publication",
      "description": "Date de la publication initiale du contenu du jeu de données. Elle est exprimée au format AAAA-MM-JJ suivant la norme internationale [ISO 8601](https://fr.wikipedia.org/wiki/ISO_8601).",
      "type": "date",
      "example": "2017-06-01",
      "constraints": {
        "required": true
      }
    },
    {
      "name": "FREQ_MAJ",
      "title": "Fréquence de la mise à jour",
      "description": "La fréquence de mise à jour correspond à la périodicité suivant laquelle des modifications sont apportées au jeu de données. Pour simplifier le renseignement de ce champ, elle est désignée en choisissant une valeur parmi une liste pré-établie de valeurs possibles : 'Inconnue', 'Ponctuelle', 'Irrégulière', 'Continuelle', 'Toutes les heures', 'Quotidienne ou plusieurs fois par jour', 'Hebdomadaire ou plusieurs fois par semaine', 'Mensuelle ou plusieurs fois par mois', 'Bimestrielle', 'Trimestrielle', 'Semestrielle', 'Annuelle', 'Biennale', 'Triennale', ou 'Quinquennale'.",
      "type": "string",
      "example": "Semestrielle",
      "constraints": {
        "required": true,
        "enum": [
          "Inconnue",
          "Ponctuelle",
          "Irrégulière",
          "Continuelle",
          "Toutes les heures",
          "Quotidienne ou plusieurs fois par jour",
          "Hebdomadaire ou plusieurs fois par semaine",
          "Mensuelle ou plusieurs fois par mois",
          "Bimestrielle",
          "Trimestrielle",
          "Semestrielle",
          "Annuelle",
          "Biennale",
          "Triennale",
          "Quinquennale"
        ]
      }
    },
    {
      "name": "DATE_MAJ",
      "title": "Date de la dernière mise à jour",
      "description": "Date de la dernière modification effective du contenu du jeu de données. Elle est exprimée au format AAAA-MM-JJ suivant la norme internationale [ISO 8601](https://fr.wikipedia.org/wiki/ISO_8601).",
      "type": "date",
      "example": "2018-01-14",
      "constraints": {
        "required": true
      }
    },
    {
      "name": "MOTS_CLES",
      "title": "Mots clés",
      "description": "Un ou plusieurs mot(s) clé(s) utilisé(s) pour décrire le jeu de données en minuscules non accentuées. S'il y en a plusieurs, le séparateur est le point-virgule.",
      "type": "string",
      "example": "scdl;prenoms;etat-civil",
      "constraints": {
        "required": true
      }
    },
    {
      "name": "LICENCE",
      "title": "Licence appliquée sur le jeu de données",
      "description": "Désignation de la licence qui encadre la réutilisation du jeu de données. En France, le [décret n° 2017-638 du 27 avril 2017](https://www.legifrance.gouv.fr/jo_pdf.do?id=JORFTEXT000034502557) restreint le choix exclusivement à deux licences. D'autres sont néanmoins utilisées par quelques producteurs ou acteurs territoriaux pour encadrer la réutilisation de certains jeux de données. Pour simplifier le renseignement de ce champ, la licence du jeu de données est désignée en choisissant une valeur parmi une liste pré-établie de valeurs possibles : 'Licence Ouverte-LO', 'Open Database License-ODBL', 'Creative Commons-CC', 'Spécifique ou autre'.",
      "type": "string",
      "example": "Licence Ouverte-LO",
      "constraints": {
        "required": true,
        "enum": [
          "Licence Ouverte-LO",
          "Open Database License-ODBL",
          "Creative Commons-CC",
          "Spécifique ou autre"
        ]
      }
    },
    {
      "name": "NOMBRE_RESSOURCES",
      "title": "Nombre de ressource(s)",
      "description": "Nombre de ressource(s) mise(s) à disposition dans le jeu de données.",
      "type": "integer",
      "example": "3",
      "constraints": {
        "required": true,
        "minimum": 1
      }
    },
    {
      "name": "FORMAT_RESSOURCES",
      "title": "Format(s) des ressources",
      "description": "Format(s) dans le(s)quel(s) la (ou les) ressource(s) du jeu de données est (sont) mise(s) à disposition. Ce(s) format(s) est (sont) exprimé(s) en minuscules non accentuées. S'il y en a plusieurs, le séparateur est le point-virgule.",
      "type": "string",
      "example": "csv;xls;json",
      "constraints": {
        "required": true
      }
    },
    {
      "name": "URL",
      "title": "URL d'accès",
      "description": "Cet élément fournit un lien, une adresse web la plus stable possible, vers la page du jeu de données (ou de la ressource si le jeu de données n'en comprend qu'une) et/ou vers des informations complémentaires le concernant.",
      "type": "string",
      "format": "uri",
      "example": "https://data.rennesmetropole.fr/explore/dataset/prenoms-des-nouveaux-nes-a-rennes-en-2017",
      "constraints": {
        "required": true
      }
    }
  ],
  "custom_checks": [
    {
      "name": "french-siret-value",
      "params": {
        "column": "COLL_SIRET"
      }
    },
    {
      "name": "french-siret-value",
      "params": {
        "column": "PRODUCTEUR_SIRET"
      }
    }
  ]
}
